metrics?,analyzed?,keep in analysis?,status,date,period_day,time_set_up,start_time,end_time,start_temp,fish_ID,box,channel,tank_number,rep_number,treatment,mass,sex,length,muscle,heart_mass,brain,gonad_mass,gsi,atropine_vol,end_time,end_temp,t_abt,t_peak,t_arr,fhmax,end_hr,datafile_name,notes,,,,,,,,,,,,,,,,,,,,,,,,,,,,,,,,,,,,,,,,,,,,,,,,,,,,,,,,,,,,,,,,,,,,,,,,,,,,,,,,,,,,,,,,,,,,
Y,,Y,keep,7/2/22,morning,8:00,11:00,14:00,11,F2,1,"2,4",11,2,CFM,6.554,M,7.5,Y,0.0047,Y,0.0771,1.18,0.11,1:51:15,29.6,,27.9,29.6,229,201,killi_ABTs_07022022,hard getting in temp in coolers to 11C,,,,,,,,,,,,,,,,,,,,,,,,,,,,,,,,,,,,,,,,,,,,,,,,,,,,,,,,,,,,,,,,,,,,,,,,,,,,,,,,,,,,,,,,,,,,
Y,,Y,keep,7/4/22,evening,18:00,19:00,22:10,20,F17,1,"1,3",7,1,CFM,5.32,M,7.2,Y,0.005,Y,0.0779,1.46,0.09,0:50:18,29.8,,27.2,29.8,231,174,killi_ABTs_07042022_E,mouthpiece issues clouded atropine effect?,,,,,,,,,,,,,,,,,,,,,,,,,,,,,,,,,,,,,,,,,,,,,,,,,,,,,,,,,,,,,,,,,,,,,,,,,,,,,,,,,,,,,,,,,,,,
Y,,Y,keep,7/4/22,evening,18:00,19:00,22:10,20,F18,1,"2,4",7,1,CFM,10.54,F,8.5,Y,0.0101,Y,1.1138,10.56,0.18,1:53:00,39,,35,39,287,232,killi_ABTs_07042022_E,mouthpiece issues clouded atropine effect?,,,,,,,,,,,,,,,,,,,,,,,,,,,,,,,,,,,,,,,,,,,,,,,,,,,,,,,,,,,,,,,,,,,,,,,,,,,,,,,,,,,,,,,,,,,,
Y,,Y,keep,7/13/22,morning,8:30,9:30,13:20,11,F61,1,"1,3",19,3,CFM,7.92,F,7.7,Y,0.0062,Y,0.7264,9.17,0.13,2:26:24,33.6,,29,33.6,236,130,killi_ABTs_07132022_M,,,,,,,,,,,,,,,,,,,,,,,,,,,,,,,,,,,,,,,,,,,,,,,,,,,,,,,,,,,,,,,,,,,,,,,,,,,,,,,,,,,,,,,,,,,,,
Y,,Y,keep,7/13/22,morning,8:30,9:30,13:20,11,F62,1,"2,4",19,3,CFM,10.22,M,9.3,Y,0.0088,Y,0.1731,1.69,0.17,2:23:55,33.4,,30.1,33.4,224,175,killi_ABTs_07132022_M,,,,,,,,,,,,,,,,,,,,,,,,,,,,,,,,,,,,,,,,,,,,,,,,,,,,,,,,,,,,,,,,,,,,,,,,,,,,,,,,,,,,,,,,,,,,,
Y,,Y,keep,7/14/22,evening,17:00,17:30,20:30,20,F76,2,"6,8",19,3,CFM,9.1,M,8.7,Y,0.0075,Y,0.1407,1.55,0.15,1:45:13,38.5,,32.9,38.5,278,112,killi_ABTs_07142022_E,,,,,,,,,,,,,,,,,,,,,,,,,,,,,,,,,,,,,,,,,,,,,,,,,,,,,,,,,,,,,,,,,,,,,,,,,,,,,,,,,,,,,,,,,,,,,
Y,,Y,keep,7/15/22,morning,9:00,10:00,13:00,11,F77,1,"1,3",19,3,CFM,5.6,M,7.4,Y,0.0047,Y,0.0653,1.17,0.09,1:41:29,28.3,,26.1,28.3,213,200,killi_ABTs_07152022_M,REU students came in mid test so it was hard to stay on track with timing and temperature,,,,,,,,,,,,,,,,,,,,,,,,,,,,,,,,,,,,,,,,,,,,,,,,,,,,,,,,,,,,,,,,,,,,,,,,,,,,,,,,,,,,,,,,,,,,
Y,,Y,keep,7/15/22,morning,9:00,10:00,13:00,11,F78,1,"2,4",19,3,CFM,4.7,M,7,Y,0.0042,Y,0.0264,0.56,0.08,1:43:55,29,,26.1,29,215,203,killi_ABTs_07152022_M,,,,,,,,,,,,,,,,,,,,,,,,,,,,,,,,,,,,,,,,,,,,,,,,,,,,,,,,,,,,,,,,,,,,,,,,,,,,,,,,,,,,,,,,,,,,,
Y,,Y,keep,7/15/22,evening,17:00,17:35,20:30,20,F88,2,"6,8",11,2,CFM,12.1,F,8.7,Y,0.0092,Y,2.77,22.9,0.2,1:46:18,38,,32.1,38,263,147,killi_ABTs_07152022_E,,,,,,,,,,,,,,,,,,,,,,,,,,,,,,,,,,,,,,,,,,,,,,,,,,,,,,,,,,,,,,,,,,,,,,,,,,,,,,,,,,,,,,,,,,,,,
Y,,Y,keep,7/16/22,morning,9:00,10:10,14:00,11,F89,1,"1,3",19,3,CFM,5.51,F,7,Y,0.0033,Y,1.0025,18.2,0.09,1:16:36,23,,22,23,126,123,killi_ABTs_07162022_M,HR dropped after atro? But seems okay?,,,,,,,,,,,,,,,,,,,,,,,,,,,,,,,,,,,,,,,,,,,,,,,,,,,,,,,,,,,,,,,,,,,,,,,,,,,,,,,,,,,,,,,,,,,,
Y,,Y,keep,7/16/22,morning,9:00,10:10,14:00,11,F90,1,"2,4",19,3,CFM,10.5,F,8.5,Y,0.0086,Y,1.4551,13.9,0.18,1:34:00,25.7,,23.1,25.7,143,79,killi_ABTs_07162022_M,arr early?,,,,,,,,,,,,,,,,,,,,,,,,,,,,,,,,,,,,,,,,,,,,,,,,,,,,,,,,,,,,,,,,,,,,,,,,,,,,,,,,,,,,,,,,,,,,
N,,Y,keep,7/18/22,morning,8:00,9:25,13:00,11,F102,1,"2,4",11,2,CFM,4.5,F,6.5,Y,0.0029,Y,0.4418,9.82,0.08,1:08:16,27.1,,26.1,27.1,175,170,killi_ABTs_07182022_M,atropine decreased BPM,,,,,,,,,,,,,,,,,,,,,,,,,,,,,,,,,,,,,,,,,,,,,,,,,,,,,,,,,,,,,,,,,,,,,,,,,,,,,,,,,,,,,,,,,,,,
Y,,Y,keep,7/19/22,evening,18:00,18:40,20:30,20,F108,1,"2,4",19,3,CFM,4.7,M,7,Y,0.0039,Y,0.0178,0.38,0.08,1:10:56,31.9,,29.9,31.9,254,184,killi_ABTs_07192022_E,,,,,,,,,,,,,,,,,,,,,,,,,,,,,,,,,,,,,,,,,,,,,,,,,,,,,,,,,,,,,,,,,,,,,,,,,,,,,,,,,,,,,,,,,,,,,
Y,,Y,keep,7/19/22,evening,18:00,18:40,20:30,20,F107,1,"1,3",19,3,CFM,6.1,M,7.8,Y,0.0056,Y,0.0992,1.63,0.1,0:59:24,29.9,,29.9,29.9,233,231,killi_ABTs_07192022_E,compare to others in treatment to see if its an outlier,,,,,,,,,,,,,,,,,,,,,,,,,,,,,,,,,,,,,,,,,,,,,,,,,,,,,,,,,,,,,,,,,,,,,,,,,,,,,,,,,,,,,,,,,,,,
Y,,Y,keep,7/20/22,evening,16:30,18:00,19:40,20,F111,1,"1,3",7,1,CFM,7,M,8,Y,0.0052,Y,0.12,1.71,0.12,0:54:12,28.7,,27.9,28.7,236,208,killi_ABTs_07202022_E,,,,,,,,,,,,,,,,,,,,,,,,,,,,,,,,,,,,,,,,,,,,,,,,,,,,,,,,,,,,,,,,,,,,,,,,,,,,,,,,,,,,,,,,,,,,,
Y,,Y,keep,7/2/22,morning,8:00,11:00,14:00,11,F3,2,"5,7",6,1,CFS,5.95,M,7,Y,0.0047,Y,0.1456,2.45,0.1,2:09:18,32.4,,31.9,NA,309,NA,killi_ABTs_07022022,Ended test too early. Tarr NA,,,,,,,,,,,,,,,,,,,,,,,,,,,,,,,,,,,,,,,,,,,,,,,,,,,,,,,,,,,,,,,,,,,,,,,,,,,,,,,,,,,,,,,,,,,,
Y,,Y,keep,7/2/22,morning,8:00,11:00,14:00,11,F4,2,"6,8",6,1,CFS,10.63,M,8.8,Y,0.0085,Y,0.2029,1.91,0.18,2:53:00,39,,31.9,39,312,185,killi_ABTs_07022022,timer restarted at 2:42:24. Arr at 10:36,,,,,,,,,,,,,,,,,,,,,,,,,,,,,,,,,,,,,,,,,,,,,,,,,,,,,,,,,,,,,,,,,,,,,,,,,,,,,,,,,,,,,,,,,,,,
Y,,Y,keep,7/13/22,morning,8:30,9:30,13:20,11,F64,2,"6,8",2,3,CFS,8.19,M,8.3,Y,0.0077,Y,0.1752,2.14,0.14,2:32:09,34.4,,30,34.4,239,49,killi_ABTs_07132022_M,,,,,,,,,,,,,,,,,,,,,,,,,,,,,,,,,,,,,,,,,,,,,,,,,,,,,,,,,,,,,,,,,,,,,,,,,,,,,,,,,,,,,,,,,,,,,
Y,,Y,keep,7/14/22,evening,17:00,17:30,20:30,20,F74,1,"2,4",2,3,CFS,7.45,F,8.1,Y,0.0058,Y,1.5058,20.13,0.12,1:06:04,31.9,,28,31.9,250,127,killi_ABTs_07142022_E,,,,,,,,,,,,,,,,,,,,,,,,,,,,,,,,,,,,,,,,,,,,,,,,,,,,,,,,,,,,,,,,,,,,,,,,,,,,,,,,,,,,,,,,,,,,,
Y,,Y,keep,7/15/22,morning,9:00,10:00,13:00,11,F79,2,"5,7",2,3,CFS,8.8,M,8.8,Y,0.0087,Y,0.1725,1.96,0.15,1:50:07,29.2,,28.3,29.2,232,200,killi_ABTs_07152022_M,,,,,,,,,,,,,,,,,,,,,,,,,,,,,,,,,,,,,,,,,,,,,,,,,,,,,,,,,,,,,,,,,,,,,,,,,,,,,,,,,,,,,,,,,,,,,
Y,,Y,keep,7/15/22,morning,9:00,10:00,13:00,11,F80,2,"6,8",2,3,CFS,9.5,F,8.2,Y,0.0077,Y,1.7687,18.62,0.16,1:43:23,28.5,,28.3,28.5,235,242,killi_ABTs_07152022_M,HR dropped mid test. Blood coming from electrode. Got better after a few minutes.,,,,,,,,,,,,,,,,,,,,,,,,,,,,,,,,,,,,,,,,,,,,,,,,,,,,,,,,,,,,,,,,,,,,,,,,,,,,,,,,,,,,,,,,,,,,
Y,,Y,keep,7/15/22,evening,17:00,17:35,20:30,20,F86,1,"2,4",6,1,CFS,9.6,M,8.7,Y,0.0091,Y,0.2026,2.11,0.16,1:38:29,36.6,,29,36.6,229,64,killi_ABTs_07152022_E,,,,,,,,,,,,,,,,,,,,,,,,,,,,,,,,,,,,,,,,,,,,,,,,,,,,,,,,,,,,,,,,,,,,,,,,,,,,,,,,,,,,,,,,,,,,,
Y,,Y,keep,7/16/22,morning,9:00,10:10,14:00,11,F91,2,"5,7",2,3,CFS,5.5,M,7.2,Y,0.0053,Y,NA,NA,0.09,2:09:02,30.9,,28.9,30.9,266,215,killi_ABTs_07162022_M,testes scrambled during dissection. Couldn’t get GSI info.,,,,,,,,,,,,,,,,,,,,,,,,,,,,,,,,,,,,,,,,,,,,,,,,,,,,,,,,,,,,,,,,,,,,,,,,,,,,,,,,,,,,,,,,,,,,
Y,,Y,keep,7/16/22,morning,9:00,10:10,14:00,11,F92,2,"6,8",2,3,CFS,12.5,M,9.5,Y,0.012,Y,0.2221,0.18,0.21,2:56:30,39.4,,33,39.4,305,207,killi_ABTs_07162022_M,,,,,,,,,,,,,,,,,,,,,,,,,,,,,,,,,,,,,,,,,,,,,,,,,,,,,,,,,,,,,,,,,,,,,,,,,,,,,,,,,,,,,,,,,,,,,
Y,,Y,keep,7/18/22,morning,8:00,9:25,13:00,11,F104,2,"6,8",6,1,CFS,3.8,F,6.9,Y,0.0023,Y,1.1467,30.18,0.06,2:07:06,36.7,,33,36.7,258,89,killi_ABTs_07182022_M,,,,,,,,,,,,,,,,,,,,,,,,,,,,,,,,,,,,,,,,,,,,,,,,,,,,,,,,,,,,,,,,,,,,,,,,,,,,,,,,,,,,,,,,,,,,,
Y,,Y,keep,7/19/22,evening,18:00,18:40,20:30,20,F110,2,"6,8",6,1,CFS,6.9,M,6.6,Y,0.0023,Y,0.233,3.38,0.12,1:11:26,31.9,,30,31.9,256,238,killi_ABTs_07192022_E,,,,,,,,,,,,,,,,,,,,,,,,,,,,,,,,,,,,,,,,,,,,,,,,,,,,,,,,,,,,,,,,,,,,,,,,,,,,,,,,,,,,,,,,,,,,,
Y,,Y,keep,7/20/22,evening,16:30,18:00,19:40,20,F114,2,"6,8",17,2,CFS,4.8,F,6.6,Y,0.003,Y,0.6887,14.38,0.08,0:46:04,28,,26.2,28,206,197,killi_ABTs_07202022_E,,,,,,,,,,,,,,,,,,,,,,,,,,,,,,,,,,,,,,,,,,,,,,,,,,,,,,,,,,,,,,,,,,,,,,,,,,,,,,,,,,,,,,,,,,,,,
Y,,Y,keep,7/21/22,evening,16:00,17:15,19:19,20,F115,1,"1,3",6,1,CFS,5.2,M,7.1,Y,0.0036,Y,0.0669,1.29,0.09,1:03:50,30.7,,29,30.7,264,225,killi_ABTs_07212022_E1,No more females of size in T6. Use pre-electrode issues for tpeak,,,,,,,,,,,,,,,,,,,,,,,,,,,,,,,,,,,,,,,,,,,,,,,,,,,,,,,,,,,,,,,,,,,,,,,,,,,,,,,,,,,,,,,,,,,,
Y,,Y,keep,7/21/22,evening,19:45,20:45,23:50,20,F122,2,"6,8",17,2,CFS,5.8,F,7,Y,0.0047,Y,0.2856,4.92,0.09,1:46:44,37.9,,30.1,NA,296,NA,killi_ABTs_07212022_E2,"readjusted electrode in F122 @ 1:15 ish and HR dropped, but went back up after a while.",,,,,,,,,,,,,,,,,,,,,,,,,,,,,,,,,,,,,,,,,,,,,,,,,,,,,,,,,,,,,,,,,,,,,,,,,,,,,,,,,,,,,,,,,,,,
Y,,Y,keep,7/6/22,afternoon,12:30,14:10,18:00,11,F25B,1,"1,3",4,1,CS,8.45,M,8.3,Y,0.008,Y,0.15,1.78,0.14,NA,NA,,32,NA,231,NA,killi_ABTs_07062022_A,using eheim 600 on lowest flow in box 1. Just use tPeak,,,,,,,,,,,,,,,,,,,,,,,,,,,,,,,,,,,,,,,,,,,,,,,,,,,,,,,,,,,,,,,,,,,,,,,,,,,,,,,,,,,,,,,,,,,,
Y,,Y,keep,7/7/22,afternoon,15:30,17:00,20:08,11,F34,1,"2,4",4,1,CS,6.27,M,8.1,Y,0.0066,Y,0.1364,2.18,0.1,2:13:50,33.4,,22,33.4,161,66,killi_ABTs_07072022_A,2 females from T4 euth bc disease,,,,,,,,,,,,,,,,,,,,,,,,,,,,,,,,,,,,,,,,,,,,,,,,,,,,,,,,,,,,,,,,,,,,,,,,,,,,,,,,,,,,,,,,,,,,
Y,,Y,keep,7/11/22,afternoon,13:20,14:30,17:30,11,F50,1,"2,4",15,2,CS,3.8,F,6.5,Y,0.0028,Y,0.2351,6.19,0.06,2:03:36,31,,29.2,31,246,213,killi_ABTs_07112022_A,,,,,,,,,,,,,,,,,,,,,,,,,,,,,,,,,,,,,,,,,,,,,,,,,,,,,,,,,,,,,,,,,,,,,,,,,,,,,,,,,,,,,,,,,,,,,
Y,,Y,keep,7/11/22,afternoon,13:20,14:30,17:30,11,F52,2,"6,8",4,1,CS,4.15,M,7,Y,0.0045,Y,0.0886,2.135,0.07,2:12:15,32.6,,32.3,32.6,261,264,killi_ABTs_07112022_A,,,,,,,,,,,,,,,,,,,,,,,,,,,,,,,,,,,,,,,,,,,,,,,,,,,,,,,,,,,,,,,,,,,,,,,,,,,,,,,,,,,,,,,,,,,,,
Y,,Y,keep,7/12/22,afternoon,14:00,14:30,17:00,11,F57,1,"1,3",15,2,CS,4.18,M,7,Y,0.0041,Y,0.0715,1.71,0.07,1:12:47,22.1,,16.1,22.1,96,89,killi_ABTs_07122022_A,early?,,,,,,,,,,,,,,,,,,,,,,,,,,,,,,,,,,,,,,,,,,,,,,,,,,,,,,,,,,,,,,,,,,,,,,,,,,,,,,,,,,,,,,,,,,,,
Y,,Y,keep,7/12/22,afternoon,14:00,14:30,17:00,11,F60,2,"6,8",15,2,CS,4.83,F,6.5,Y,0.0042,Y,0.7402,15.32,0.08,1:23:36,24.2,,21.9,24.2,126,124,killi_ABTs_07122022_A,no atropine response in F60. Reinjected with fresh vial.,,,,,,,,,,,,,,,,,,,,,,,,,,,,,,,,,,,,,,,,,,,,,,,,,,,,,,,,,,,,,,,,,,,,,,,,,,,,,,,,,,,,,,,,,,,,
Y,,Y,keep,7/4/22,afternoon,13:00,14:30,16:30,20,F14,1,"2,4",5,1,MS,8.56,F,7.5,Y,0.0057,Y,1.2166,14.21,0.14,1:47:15,38.1,,36.6,38.1,308,298,killi_ABTs_07042022_A,tiny lip abrasion but otherwise healthy-looking,,,,,,,,,,,,,,,,,,,,,,,,,,,,,,,,,,,,,,,,,,,,,,,,,,,,,,,,,,,,,,,,,,,,,,,,,,,,,,,,,,,,,,,,,,,,
Y,,Y,keep,7/6/22,afternoon,12:30,14:10,18:00,20,F28B,2,"6,8",14,2,MS,10.1,F,7.4,Y,0.008,Y,1.0233,10.13,0.17,2:04:15,38.8,,39.1,38.8,318,324,killi_ABTs_07062022_A,computer turned off at 2:30:00 and took a while to respond,,,,,,,,,,,,,,,,,,,,,,,,,,,,,,,,,,,,,,,,,,,,,,,,,,,,,,,,,,,,,,,,,,,,,,,,,,,,,,,,,,,,,,,,,,,,
Y,,Y,keep,7/14/22,afternoon,12:30,13:45,16:40,20,F71,2,"5,7",21,3,MS,11.7,M,9.4,Y,0.0102,Y,0.2289,1.96,0.2,1:13:50,32.1,,31.8,32.1,255,246,killi_ABTs_07142022_A,Brains for 71 and 72 are swapped!,,,,,,,,,,,,,,,,,,,,,,,,,,,,,,,,,,,,,,,,,,,,,,,,,,,,,,,,,,,,,,,,,,,,,,,,,,,,,,,,,,,,,,,,,,,,
Y,,Y,keep,7/14/22,afternoon,12:30,13:45,16:40,20,F72,2,"6,8",21,3,MS,8.6,M,8.2,Y,0.0079,Y,0.1906,2.22,0.14,1:33:38,35.7,,30,35.7,241,26,killi_ABTs_07142022_A,no atropine response for F72. Reinjected. Brains for 71 and 72 are swapped!,,,,,,,,,,,,,,,,,,,,,,,,,,,,,,,,,,,,,,,,,,,,,,,,,,,,,,,,,,,,,,,,,,,,,,,,,,,,,,,,,,,,,,,,,,,,
Y,,Y,keep,7/15/22,afternoon,13:00,14:00,16:45,20,F83,2,"5,7",21,3,MS,7,F,7.4,Y,0.0046,Y,1.6172,23.1,0.12,1:46:49,37.5,,29,37.5,246,149,killi_ABTs_07152022_A,,,,,,,,,,,,,,,,,,,,,,,,,,,,,,,,,,,,,,,,,,,,,,,,,,,,,,,,,,,,,,,,,,,,,,,,,,,,,,,,,,,,,,,,,,,,,
Y,,Y,keep,7/15/22,afternoon,13:00,14:00,16:45,20,F84,2,"6,8",21,3,MS,12.3,F,8.4,Y,0.0079,Y,2.7676,22.51,0.21,1:23:13,33.9,,32.9,33.9,272,271,killi_ABTs_07152022_A,HR dropped after atro? But seems okay?,,,,,,,,,,,,,,,,,,,,,,,,,,,,,,,,,,,,,,,,,,,,,,,,,,,,,,,,,,,,,,,,,,,,,,,,,,,,,,,,,,,,,,,,,,,,
Y,,Y,keep,7/16/22,afternoon,14:00,15:20,17:20,20,F93,1,"1,3",14,2,MS,4.8,M,6.9,Y,0.0036,Y,0.0827,1.72,0.08,1:07:56,31.3,,30.1,31.3,280,211,killi_ABTs_07162022_A,skin raised on mouth (perhaps mouth blister?),,,,,,,,,,,,,,,,,,,,,,,,,,,,,,,,,,,,,,,,,,,,,,,,,,,,,,,,,,,,,,,,,,,,,,,,,,,,,,,,,,,,,,,,,,,,
Y,,Y,keep,7/3/22,morning,8:00,10:23,12:30,20,F5,1,"1,3",10,1,WFM,7.54,F,7.5,Y,0.0054,Y,0.4426,5.87,0.13,2:03:00,41.1,,33,41.1,289,244,killi_ABTs_07032022_M,,,,,,,,,,,,,,,,,,,,,,,,,,,,,,,,,,,,,,,,,,,,,,,,,,,,,,,,,,,,,,,,,,,,,,,,,,,,,,,,,,,,,,,,,,,,,
Y,,Y,keep,7/3/22,morning,8:00,10:23,12:30,20,F6,1,"2,4",10,1,WFM,12.02,M,8.2,Y,0.0164,Y,0.1852,1.54,0.2,2:04:00,40.8,,34.6,40.8,317,215,killi_ABTs_07032022_M,,,,,,,,,,,,,,,,,,,,,,,,,,,,,,,,,,,,,,,,,,,,,,,,,,,,,,,,,,,,,,,,,,,,,,,,,,,,,,,,,,,,,,,,,,,,,
Y,,Y,keep,7/7/22,morning,9:00,11:30,15:00,20,F32B,2,"6,8",16,2,WFM,9.89,M,8.5,Y,0.0073,Y,0.1622,1.64,0.16,1:59:06,39.9,,35,39.9,336,275,killi_ABTs_07072022_M,,,,,,,,,,,,,,,,,,,,,,,,,,,,,,,,,,,,,,,,,,,,,,,,,,,,,,,,,,,,,,,,,,,,,,,,,,,,,,,,,,,,,,,,,,,,,
Y,,Y,keep,7/10/22,morning,8:45,10:10,13:20,20,F39,2,"5,7",16,2,WFM,8.13,F,7.5,Y,0.0052,Y,0.9254,11.38,0.14,1:51:41,38.9,,33,38.9,242,205,killi_ABTs_07102022_M,Questionable trace. Fake arrhythmia? Goes away later,,,,,,,,,,,,,,,,,,,,,,,,,,,,,,,,,,,,,,,,,,,,,,,,,,,,,,,,,,,,,,,,,,,,,,,,,,,,,,,,,,,,,,,,,,,,
Y,,Y,keep,7/10/22,morning,8:45,10:10,13:20,20,F40,2,"6,8",16,2,WFM,4.72,F,7.5,Y,0.0036,Y,0.1309,2.77,0.08,1:56:00,39.5,,33,39.5,244,100,killi_ABTs_07102022_M,fake arrhythmia at 40 minutes?,,,,,,,,,,,,,,,,,,,,,,,,,,,,,,,,,,,,,,,,,,,,,,,,,,,,,,,,,,,,,,,,,,,,,,,,,,,,,,,,,,,,,,,,,,,,
Y,,Y,keep,7/11/22,morning,9:00,9:53,12:50,20,F47,2,"5,7",1,3,WFM,8.29,F,7.4,Y,0.006,Y,1.1499,13.87,0.14,1:57:10,38.9,,31,38.9,231,24,killi_ABTs_07112022_M,"tapped out early? At 36 minutes, increased flow. Comparable HR to F48 after this",,,,,,,,,,,,,,,,,,,,,,,,,,,,,,,,,,,,,,,,,,,,,,,,,,,,,,,,,,,,,,,,,,,,,,,,,,,,,,,,,,,,,,,,,,,,
Y,,Y,keep,7/12/22,morning,9:00,10:30,14:00,20,F55,2,"5,7",16,2,WFM,7.83,M,7.7,Y,0.0057,Y,0.1497,1.91,0.13,1:58:10,40,,32,40,272,176,killi_ABTs_07122022_M,double beat at 1:26:00? Does this qualify as arrhythmia?,,,,,,,,,,,,,,,,,,,,,,,,,,,,,,,,,,,,,,,,,,,,,,,,,,,,,,,,,,,,,,,,,,,,,,,,,,,,,,,,,,,,,,,,,,,,
Y,,Y,keep,7/12/22,morning,9:00,10:30,14:00,20,F56,2,"6,8",16,2,WFM,10.18,M,8.5,Y,0.0069,Y,0.1715,1.68,0.17,1:58:15,40,,33.9,40,309,261,killi_ABTs_07122022_M,,,,,,,,,,,,,,,,,,,,,,,,,,,,,,,,,,,,,,,,,,,,,,,,,,,,,,,,,,,,,,,,,,,,,,,,,,,,,,,,,,,,,,,,,,,,,
Y,,Y,keep,7/5/22,evening,19:00,20:10,22:30,29,F32A,2,"6,8",8,1,WFS,8.01,M,7.7,Y,0.006,Y,0.1059,1.32,0.13,1:14:50,40.5,,36,40.5,365,317,killi_ABTs_07052022_E,,,,,,,,,,,,,,,,,,,,,,,,,,,,,,,,,,,,,,,,,,,,,,,,,,,,,,,,,,,,,,,,,,,,,,,,,,,,,,,,,,,,,,,,,,,,,
Y,,Y,keep,7/10/22,morning,8:45,10:10,13:20,20,F37,1,"1,3",8,1,WFS,8.19,F,7.2,Y,0.0061,Y,0.8276,0.101,0.14,1:55:55,39.7,,32,39.7,241,169,killi_ABTs_07102022_M,,,,,,,,,,,,,,,,,,,,,,,,,,,,,,,,,,,,,,,,,,,,,,,,,,,,,,,,,,,,,,,,,,,,,,,,,,,,,,,,,,,,,,,,,,,,,
Y,,Y,keep,7/10/22,morning,8:45,10:10,13:20,20,F38,1,"2,4",8,1,WFS,8.24,F,7.5,Y,0.0061,Y,0.6053,7.35,0.14,1:14:30,32.7,,33.1,32.7,207,206,killi_ABTs_07102022_M,,,,,,,,,,,,,,,,,,,,,,,,,,,,,,,,,,,,,,,,,,,,,,,,,,,,,,,,,,,,,,,,,,,,,,,,,,,,,,,,,,,,,,,,,,,,,
Y,,Y,keep,7/11/22,morning,9:00,9:53,12:50,20,F45,1,"1,3",20,3,WFS,16.6,F,9.8,Y,0.126,Y,1.9538,11.77,0.28,1:59:16,38.9,,33,38.9,212,99,killi_ABTs_07112022_M,,,,,,,,,,,,,,,,,,,,,,,,,,,,,,,,,,,,,,,,,,,,,,,,,,,,,,,,,,,,,,,,,,,,,,,,,,,,,,,,,,,,,,,,,,,,,
Y,,Y,keep,7/11/22,morning,9:00,9:53,12:50,20,F46,1,"2,4",20,3,WFS,6.53,F,7,Y,0.0046,Y,0.52,7.96,0.11,1:53:59,38.9,,34,38.9,287,118,killi_ABTs_07112022_M,,,,,,,,,,,,,,,,,,,,,,,,,,,,,,,,,,,,,,,,,,,,,,,,,,,,,,,,,,,,,,,,,,,,,,,,,,,,,,,,,,,,,,,,,,,,,
Y,,Y,keep,7/12/22,morning,9:00,10:30,14:00,20,F54,1,"2,4",8,1,WFS,7.79,M,7.7,Y,0.0056,Y,0.2248,2.89,0.13,1:55:48,39.4,,37.8,39.4,295,265,killi_ABTs_07122022_M,,,,,,,,,,,,,,,,,,,,,,,,,,,,,,,,,,,,,,,,,,,,,,,,,,,,,,,,,,,,,,,,,,,,,,,,,,,,,,,,,,,,,,,,,,,,,
Y,,Y,keep,7/7/22,morning,9:00,11:30,15:00,20,F29B,1,"1,3",8,1,WFS,8.94,M,8.3,Y,0.0062,Y,0.1221,1.37,0.15,NA,NA,,33.1,NA,282,NA,killi_ABTs_07072022_M,hypoxic traces? But fits with other WFS morning runs. Did not catch TARR,,,,,,,,,,,,,,,,,,,,,,,,,,,,,,,,,,,,,,,,,,,,,,,,,,,,,,,,,,,,,,,,,,,,,,,,,,,,,,,,,,,,,,,,,,,,
Y,,Y,keep,7/3/22,afternoon,12:45,14:40,17:30,29,F10,1,"2,4",9,1,WS,11.06,F,8.3,Y,0.0085,Y,0.8498,7.68,0.18,0:27:00,34.2,,34.2,34.2,298,298,killi_ABTs_07032022_A,,,,,,,,,,,,,,,,,,,,,,,,,,,,,,,,,,,,,,,,,,,,,,,,,,,,,,,,,,,,,,,,,,,,,,,,,,,,,,,,,,,,,,,,,,,,,
N,,Y,keep,7/5/22,afternoon,15:00,16:50,18:30,29,F27A,2,"5,7",13,2,WS,6.95,M,6.2,Y,0.0035,Y,0.0547,0.79,0.12,1:03:00,39.6,NA,38.3,39.9,270,238,killi_ABTs_07052022_A,double beat. Can I do abt?,,,,,,,,,,,,,,,,,,,,,,,,,,,,,,,,,,,,,,,,,,,,,,,,,,,,,,,,,,,,,,,,,,,,,,,,,,,,,,,,,,,,,,,,,,,,
Y,,Y,keep,7/5/22,afternoon,15:00,16:50,18:30,29,F28A,2,"6,8",13,2,WS,4.39,M,7.5,Y,0.0058,Y,0.0505,1.15,0.07,1:01:00,39,,38.3,38.9,319,280,killi_ABTs_07052022_A,,,,,,,,,,,,,,,,,,,,,,,,,,,,,,,,,,,,,,,,,,,,,,,,,,,,,,,,,,,,,,,,,,,,,,,,,,,,,,,,,,,,,,,,,,,,,
N,,Y,keep,7/5/22,morning,9:00,11:40,14:00,29,F21,1,"1,3",13,2,WS,6.06,F,6.8,Y,0.004,Y,NA,NA,0.1,1:05:59,NA,,37,NA,262,NA,killi_ABTs_07052022_M,funky beginning pre-drugs but EE approved. No clear arr before end of test but odd increase post Tpeak ,,,,,,,,,,,,,,,,,,,,,,,,,,,,,,,,,,,,,,,,,,,,,,,,,,,,,,,,,,,,,,,,,,,,,,,,,,,,,,,,,,,,,,,,,,,,
Y,,Y,keep,7/5/22,morning,9:00,11:40,14:00,29,F24,2,"6,8",9,1,WS,6.99,F,7,Y,0.0053,Y,0.1888,2.7,0.12,1:07:27,39.9,,37,39.9,280,187,killi_ABTs_07052022_M,,,,,,,,,,,,,,,,,,,,,,,,,,,,,,,,,,,,,,,,,,,,,,,,,,,,,,,,,,,,,,,,,,,,,,,,,,,,,,,,,,,,,,,,,,,,,
Y,,Y,keep,7/17/22,afternoon,13:15,15:00,17:00,29,F97,1,"1,3",18,3,WS,13.9,M,9.6,Y,0.0106,Y,NA,NA,0.23,1:04:59,40,,36.9,40,242,100,killi_ABTs_07172022_A,testes mushy. Hard to find.,,,,,,,,,,,,,,,,,,,,,,,,,,,,,,,,,,,,,,,,,,,,,,,,,,,,,,,,,,,,,,,,,,,,,,,,,,,,,,,,,,,,,,,,,,,,
Y,,Y,keep,7/17/22,afternoon,13:15,15:00,17:00,29,F100,2,"6,8",18,3,WS,8.3,M,9,Y,0.008,Y,0.1294,1.56,0.14,1:05:30,40,,35,40,290,232,killi_ABTs_07172022_A,,,,,,,,,,,,,,,,,,,,,,,,,,,,,,,,,,,,,,,,,,,,,,,,,,,,,,,,,,,,,,,,,,,,,,,,,,,,,,,,,,,,,,,,,,,,,
Y,,Y,keep,7/19/22,afternoon,13:00,14:45,16:40,29,F106,1,"2,4",18,3,WS,7.9,F,7.8,Y,0.006,Y,0.8431,10.67,0.13,0:53:45,37.9,,33.1,37.9,255,38,killi_ABTs_07192022_A,lip blister in early stages? About 15 minutes in fish looked spontaneously arr but turns out it was an electrode issue.,,,,,,,,,,,,,,,,,,,,,,,,,,,,,,,,,,,,,,,,,,,,,,,,,,,,,,,,,,,,,,,,,,,,,,,,,,,,,,,,,,,,,,,,,,,,